SNP,Saliency
Gm12_2894203,0.023934
Gm12_2659260,0.023506
Gm13_2550479,0.023498
Gm14_398773,0.023455
Gm15_48737423,0.022476
Gm12_2762306,0.021941
Gm10_36744954,0.021863
Gm19_839611,0.021683
Gm10_50834461,0.021028
Gm10_430625,0.020307
Gm15_10699836,0.020175
Gm04_2571383,0.019974
Gm07_5480878,0.019860
Gm13_26443517,0.019708
Gm04_18306789,0.019345
Gm11_1266080,0.019290
Gm13_34762391,0.018857
Gm13_23782754,0.018850
Gm17_6781998,0.018746
Gm13_29736067,0.018551
