SNP,Saliency
sc00914ln129176_45014_C_T_300308141,0.013504
sc00387ln270001_24153_C_T_202900033,0.011906
sc00914ln129176_38656_G_A_300301783,0.011430
sc00252ln356151_332469_A_G_160996770,0.010595
sc01273ln89946_1463_G_T_338993030,0.010195
sc00429ln249479_222708_T_C_214019621,0.010039
sc00285ln337269_149198_A_G_172233106,0.010001
sc00329ln305942_235065_T_G_186412408,0.009897
sc00088ln640967_578688_C_T_83803212,0.009809
sc05917ln4639_3281_G_T_458914350,0.009621
sc00771ln151042_37933_G_A_280270225,0.009604
Chr04_2131805_G_T,0.009344
sc01425ln78757_51477_C_T_351868643,0.009003
sc00914ln129176_23376_C_T_300286503,0.008729
Chr04_40794648_C_A,0.008635
sc00135ln517288_367425_T_C_110507008,0.008587
sc00162ln482802_338752_C_T_123951871,0.008546
sc00369ln281554_272652_C_A_198183263,0.008540
Chr02_2485781_A_C,0.008469
sc00194ln426988_119724_C_T_138301732,0.008342
