SNP,Saliency
Gm02_5591380,0.022087
Gm15_48737423,0.020722
Gm04_8184443,0.020188
Gm06_7558353,0.019364
Gm12_2762306,0.017230
Gm03_1592339,0.016919
Gm02_7439248,0.016632
Gm20_29976653,0.015516
Gm16_28772738,0.015487
Gm01_51512797,0.014933
Gm16_756426,0.014917
Gm07_44135661,0.014912
Gm20_42993516,0.014143
Gm10_44669893,0.013836
Gm17_3661247,0.013688
Gm16_27449236,0.013583
Gm16_476783,0.013564
Gm11_6904568,0.013288
Gm18_2444660,0.013255
Gm17_10800011,0.013229
