SNP,Saliency
Gm07_7832406,0.019311
Gm18_20807357,0.018281
Gm20_29976653,0.017121
Gm14_4561500,0.016828
Gm17_10458588,0.016523
Gm15_7648703,0.015979
Gm11_36897245,0.015966
Gm06_7558353,0.015596
Gm02_5591380,0.015381
Gm15_8355608,0.014471
Gm18_2444660,0.014437
Gm08_25159552,0.014186
Gm18_21121230,0.013986
Gm02_5299205,0.013959
Gm18_12012313,0.013799
Gm02_7439248,0.013569
Gm03_1592339,0.013479
Gm17_40614437,0.013459
Gm02_830849,0.013414
Gm18_2102506,0.013318
