SNP,Saliency
Gm17_6781998,0.022769
Gm15_9530676,0.018826
Gm18_8451185,0.018535
Gm07_40760824,0.017965
Gm18_12926582,0.017585
Gm14_46331412,0.017293
Gm02_48371970,0.016936
Gm14_8175721,0.016131
Gm13_27533575,0.015901
Gm04_47341754,0.015839
Gm05_1458440,0.015723
Gm02_8398668,0.015611
Gm07_37180340,0.015413
Gm04_30604409,0.015176
Gm03_37489216,0.014856
Gm07_16029847,0.014607
Gm03_5293608,0.014571
Gm17_5048760,0.014458
Gm04_8184443,0.014388
Gm17_3661247,0.014375
